title_pt;title_en;year;rating;genre;sinopse
Besouro Azul;1. Besouro Azul;2023;6.8 (17K);Ação;Jaime Reyes, um adolescente de origem mexicana que encontra um artefato alienígena que lhe dá um exoesqueleto mecanizado e poderes, tornando-o no Besouro Azul.
Barbie;2. Barbie;2023;7.4 (255K);Aventura;Viver na Terra da Barbie é ser um ser perfeito em um lugar perfeito. A menos que você tenha uma crise existencial completa. Ou que você seja um Ken.
Oppenheimer;3. Oppenheimer;2023;8.6 (381K);Biografia;A história do cientista americano J. Robert Oppenheimer e o seu papel no desenvolvimento da bomba atômica.
As Tartarugas Ninja: Caos Mutante;4. As Tartarugas Ninja: Caos Mutante;2023;7.5 (19K);Animação;Os irmãos Tartaruga trabalham para conquistar o amor da cidade de Nova York enquanto enfrentam um exército de mutantes.
Ruim Pra Cachorro;5. Ruim Pra Cachorro;2023;6.4 (3.2K);Animação;Um cachorro abandonado se une a outros vira-latas para se vingar de seu antigo dono.
Megatubarão 2;6. Megatubarão 2;2023;5.4 (21K);Ação;Segue um piloto de submersível e um grupo de cientistas em águas profundas para explorar uma trincheira desconhecida na Fossa das Marianas. No caminho, eles encontrarão o Megalodon, um gigante tubarão pré-histórico.
Fale Comigo;7. Fale Comigo;2022;7.4 (25K);Terror;Um grupo de amigos descobre uma mão embalsamada que lhes permite conjurar espíritos. Viciado na emoção, um deles vai longe demais e abre a porta para o mundo espiritual.
Mansão Mal-Assombrada;8. Mansão Mal-Assombrada;2023;6.2 (11K);Comédia;Uma mãe e seu filho de nove anos estão tentando começar uma nova vida. Eles aproveitam uma oportunidade imperdível, uma adorável mansão em Nova Orleans.
Missão: Impossível - Acerto de Contas Parte Um;9. Missão: Impossível - Acerto de Contas Parte Um;2023;8.0 (131K);Ação;Ethan Hunt e seu grupo do IMF embarcam na missão mais arriscada até agora: localizar uma nova arma aterrorizante que ameaça toda a humanidade antes que caia nas mãos erradas.
Som da Liberdade;10. Som da Liberdade;2023;7.8 (49K);Ação;A incrível história real de um ex-agente governamental que se transforma em um vigilante e que embarca em uma missão perigosa para resgatar centenas de crianças das mãos de traficantes sexuais.
Um Sonho de Liberdade;1. Um Sonho de Liberdade;1994;9.3;Drama;Dois homens presos se reúnem ao longo de vários anos, encontrando consolo e eventual redenção através de atos de decência comum.
O Poderoso Chefão;2. O Poderoso Chefão;1972;9.2;Policial;O patriarca idoso de uma dinastia do crime organizado transfere o controle de seu império clandestino para seu filho relutante.
Batman: O Cavaleiro das Trevas;3. Batman: O Cavaleiro das Trevas;2008;9.0;Ação;Quando a ameaça conhecida como O Coringa surge de seu passado, causa estragos e caos nas pessoas de Gotham. O Cavaleiro das Trevas deve aceitar um dos maiores testes para combater a injustiça.
O Poderoso Chefão II;4. O Poderoso Chefão II;1974;9.0;Policial;Em 1950, Michael Corleone, agora à frente da família, tenta expandir o negócio do crime a Las Vegas, Los Angeles e Cuba. Paralelamente, é revelada a história de Vito Corleone, e de como saiu da Sicília e chegou a Nova Iorque.
12 Homens e uma Sentença;5. 12 Homens e uma Sentença;1957;9.0;Policial;O julgamento de um assassinato em Nova Iorque é frustrado por um único membro, cujo ceticismo força o júri a considerar cuidadosamente as evidências antes de dar o veredito.
A Lista de Schindler;6. A Lista de Schindler;1993;9.0;Biografia;Na Polônia ocupada pelos alemães durante a Segunda Guerra Mundial, o industrial Oskar Schindler começa a ser preocupar com seus trabalhadores judeus depois de testemunhar sua perseguição pelos nazistas.
O Senhor dos Anéis: O Retorno do Rei;7. O Senhor dos Anéis: O Retorno do Rei;2003;9.0;Ação;Gandalf e Aragorn lideram o Mundo dos Homens contra o exército de Sauron para desviar o olhar de Frodo e Sam quando eles se aproximam á Montanha da Perdição com o Um Anel.
Pulp Fiction - Tempo de Violência;8. Pulp Fiction - Tempo de Violência;1994;8.9;Policial;As vidas de dois assassinos da máfia, um boxeador, um gângster e sua esposa, e um par de bandidos se entrelaçam em quatro histórias de violência e redenção.
O Senhor dos Anéis: A Sociedade do Anel;9. O Senhor dos Anéis: A Sociedade do Anel;2001;8.8;Ação;Um manso hobbit do Condado e oito companheiros partem em uma jornada para destruir o poderoso Um Anel e salvar a Terra-média das Trevas.
Três Homens em Conflito;10. Três Homens em Conflito;1966;8.8;Aventura;Um impostor se junta com dois homens para encontrar fortuna num remoto cemitério.
Forrest Gump: O Contador de Histórias;11. Forrest Gump: O Contador de Histórias;1994;8.8;Drama;Os governos dos presidentes Kennedy e Johnson, os eventos do Vietnã e Watergate e outras histórias são mostradas através da perspectiva de um homem do Alabama com baixo quociente intelectual.
Clube da Luta;12. Clube da Luta;1999;8.8;Drama;Um trabalhador de escritório e um fabricante de sabonetes formam um clube de luta clandestino que evolui para algo muito maior.
O Senhor dos Anéis: As Duas Torres;13. O Senhor dos Anéis: As Duas Torres;2002;8.8;Ação;Enquanto Frodo e Sam estão perto de Mordor com a ajuda de Gollum, a divida comunhão luta contra Saruman e os Isengards.
A Origem;14. A Origem;2010;8.8;Ação;Um ladrão que rouba segredos corporativos através da tecnologia de entrar no subconsciente recebe a tarefa inversa de plantar uma idéia na mente do diretor de uma grande empresa.
Star Wars: Episódio V - O Império Contra-Ataca;15. Star Wars: Episódio V - O Império Contra-Ataca;1980;8.7;Ação;Os rebeldes derrotaram o Império no planeta congelado Hoth. Luke Skywalker começa a treinar como um Jedi com Yoda, enquanto seus amigos são perseguidos por Darth Vader.
Matrix;16. Matrix;1999;8.7;Ação;Um hacker aprende com os misteriosos rebeldes sobre a verdadeira natureza de sua realidade e seu papel na guerra contra seus controladores.
Homem-Aranha: Através do Aranhaverso;17. Homem-Aranha: Através do Aranhaverso;2023;8.8;Animação;Miles Morales, o amigão da vizinhança Homem-Aranha, é transporado através do multiverso para unir forças com Gwen Stacy e um novo time de Pessoas-Aranha para enfrentar um vilão mais poderoso do que qualquer coisa que já tenham encontrado.
Os Bons Companheiros;18. Os Bons Companheiros;1990;8.7;Biografia;A historia do Henry Hill e sua vida na máfia, sua relação com sua esposa Karen Hill e seus colegas da máfia Jimmy Conway e Tommy DeVito no sindicato italo-americano do crime.
Um Estranho no Ninho;19. Um Estranho no Ninho;1975;8.7;Drama;Um criminoso alega insanidade para ser enviado a um centro de saúde mental, onde se rebela contra a opressiva enfermeira e mobiliza os pacientes a quem ela atemoriza.
Seven: Os Sete Crimes Capitais;20. Seven: Os Sete Crimes Capitais;1995;8.6;Policial;Dois detetives, um novato e um veterano, perseguem um assassino em série que usa os sete pecados capitais como motivos.
A Felicidade Não se Compra;21. A Felicidade Não se Compra;1946;8.6;Drama;Um anjo é enviado dos céus para ajudar um homem de negócios desesperado em sua frustração, e mostra a ele como seria a vida se nunca tivesse existido.
Os Sete Samurais;22. Os Sete Samurais;1954;8.6;Ação;Uma aldeia pobre sob a ameaça de bandidos recruta sete samurais para ajudá-los a se defenderem.
O Silêncio dos Inocentes;23. O Silêncio dos Inocentes;1991;8.6;Policial;Uma jovem deve receber a ajuda de um assassino canibal manipulador e preso para ajudar a capturar outro assassino em série, um louco que ataca suas vítimas.
Interestelar;24. Interestelar;2014;8.7;Aventura;Uma equipe de exploradores viaja através de um buraco de minhoca no espaço, na tentativa de garantir a sobrevivência da humanidade.
O Resgate do Soldado Ryan;25. O Resgate do Soldado Ryan;1998;8.6;Drama;Depois de chegar a Normandía, um grupo de soldados precisam encontrar ao unico irmão vivo de tres que morreram na guerra.
Cidade de Deus;26. Cidade de Deus;2002;8.6;Policial;Os caminhos de duas crianças divergem nas favelas do Rio, enquanto um se esforça para se tornar um fotógrafo e o outro um chefe do tráfico.
A Vida é Bela;27. A Vida é Bela;1997;8.6;Comédia;Quando um bibliotecário judeu e seu filho se tornarem vítimas do Holocausto, ele usará uma mistura perfeita de vontade, humor e imaginação para proteger seu filho dos perigos do campo de concentração.
À Espera de um Milagre;28. À Espera de um Milagre;1999;8.6;Policial;As vidas dos guardas de corredor da morte são afetadas por um dos detidos: um homem afro-americano acusado pelo assassinato e estupro de uma criança, mas com um presente misterioso.
Star Wars: Episódio IV - Uma Nova Esperança;29. Star Wars: Episódio IV - Uma Nova Esperança;1977;8.6;Ação;Luke Skywalker une forças com um cabaleiro Jedi, um arrogante piloto é dois dróides para salvar a galaxia enquanto tentam salvar a princesa Leia do misterioso Darth Vader.
O Exterminador do Futuro 2: O Julgamento Final;30. O Exterminador do Futuro 2: O Julgamento Final;1991;8.6;Ação;Um ciborgue, idêntico àquele que não conseguiu matar Sarah Connor, deve agora proteger seu filho adolescente, John Connor, de um ciborgue mais avançado e poderoso.
De Volta para o Futuro;31. De Volta para o Futuro;1985;8.5;Aventura;Marty McFly viaja para 1955 com a máquina do tempo do cientista Dr. Brown. Ele deve garantir que seus pais se apaixonem, para não arriscar sua própria existência.
A Viagem de Chihiro;32. A Viagem de Chihiro;2001;8.6;Animação;Durante a mudança de casa, uma menina de dez anos se maravilha num mundo de dioses, bruxas e espíritus e onde os humanos são transformados em bestas.
O Pianista;33. O Pianista;2002;8.5;Biografia;Um musico judeu luta para sobreviver a destruição de Varsóvia durante a segunda guerra mundial.
Psicose;34. Psicose;1960;8.5;Terror;Uma secretária de Phoenix desvia dinheiro de um cliente de sua empresa, foge e vai a um motel remoto gerido por um jovem sob o domínio da mãe.
Parasita;36. Parasita;2019;8.5;Drama;Desempregados, a família de Ki-taek (Song Kang-ho) nutre um interesse peculiar pela família Park até que eles se veem presos em um inesperado incidente.
Gladiador;37. Gladiador;2000;8.5;Ação;Um general romano planeja a melhor vingança contra o imperador corrupto que matou sua familia e o fez escravo.
O Rei Leão;38. O Rei Leão;1994;8.5;Animação;Um pequeno lion é obrigado por seu tío a fugir de casa e anos depois se da conta da sua identidade e suas responsabilidades.
O Profissional;39. O Profissional;1994;8.5;Ação;Mathilda, uma menina de 12 anos é levada por Léon, um assassino profissional, depois que sua família é assassinada. Léon e Mathilda formam uma relação incomum, desde que ela se torna sua protegida.
A Outra História Americana;40. A Outra História Americana;1998;8.5;Policial;Um neonazista tenta evitar que seu irmão mais novo tome o mesmo caminho errado que ele.
Os Infiltrados;41. Os Infiltrados;2006;8.5;Policial;Um policial disfarçado e um espião estão tentando se identificar enquanto se infiltram em uma gangue irlandesa no sul de Boston.
Whiplash: Em Busca da Perfeição;42. Whiplash: Em Busca da Perfeição;2014;8.5;Drama;Um jovem e promissor baterista se matricula em um conservatório de música onde seus sonhos são guiados por um instrutor que não pára por nada para perceber o potencial de um aluno.
O Grande Truque;43. O Grande Truque;2006;8.5;Drama;Depois de um trágico acidente, dois magos do palco se engajam em uma batalha para criar a ilusão final enquanto sacrificam tudo o que têm para enganar um ao outro.
Os Suspeitos;44. Os Suspeitos;1995;8.5;Policial;O único sobrevivente conta os torcidos eventos duma luta com pistolas num bote, quanfo cinco criminais eram levados pela polícia.
Túmulo dos Vagalumes;45. Túmulo dos Vagalumes;1988;8.5;Animação;Um menino e sua irmã tentam sobreviver no Japão durante a Segunda Guerra Mundial.
Casablanca;46. Casablanca;1942;8.5;Drama;O proprietário cético de uma boate protege um antigo amor e seu marido dos nazistas no Marrocos.
Harakiri;47. Harakiri;1962;8.6;Ação;Um velho samurai ronin chega à casa de um senhor feudal e pede um lugar honroso para cometer suicídio. Mas quando o ronin pede um samurai mais jovem que chegou antes, os eventos seguem um curso inesperado.
Intocáveis;48. Intocáveis;2011;8.5;Biografia;Depois de ficar tetraplégico num acidente, um aristocrata contrata um jovem de um bairro pobre para cuidar dele.
Tempos Modernos;49. Tempos Modernos;1936;8.5;Comédia;Um vagabundo luta para viver na sociedade industrial moderna com a ajuda de uma jovem.
Cinema Paradiso;50. Cinema Paradiso;1988;8.5;Drama;Um diretor de cinema lembra como, em sua infância, ele se apaixonou pelo cinema de sua cidade e iniciou uma profunda amizade com o projecionista.
Era uma Vez no Oeste;51. Era uma Vez no Oeste;1968;8.5;Faroeste;Um misterioso estranhoe se junta com um bandido para proteger a uma viúva.
Janela Indiscreta;52. Janela Indiscreta;1954;8.5;Mistério;Um fotógrafo em uma cadeira de rodas espiona seus vizinhos pela janela de seu apartamento e está convencido de que um deles cometeu um assassinato.
Alien - O 8º Passageiro;53. Alien - O 8º Passageiro;1979;8.5;Terror;Depois que um navio mercante do espaço percebe uma transmissão desconhecida como uma chamada de socorro, encontra um dos tripulantes atacado por um misterioso modo de vida, e logo percebem que seu ciclo de vida simplesmente começou.
Luzes da Cidade;54. Luzes da Cidade;1931;8.5;Comédia;Com a ajuda de um homem rico, bêbado e imprevisível, um vagabundo ingênuo que se apaixonou por uma florista cega tenta conseguir dinheiro para fornecer ajuda médica.
Apocalypse Now;55. Apocalypse Now;1979;8.4;Drama;Um oficial do exército dos Estados Unidos no Vietnã é encarregado de assassinar a um coronel que acredita ser um deus.
Amnésia;56. Amnésia;2000;8.4;Mistério;Um homem com perda da memória de curto prazo tenta investigar o homicídio da sua esposa.
Django Livre;57. Django Livre;2012;8.4;Drama;Com a ajuda de um caçador de recompensas alemão, um escravo libertado sai para resgatar sua esposa de um brutal dono de uma plantação no Mississipi.
Os Caçadores da Arca Perdida;58. Os Caçadores da Arca Perdida;1981;8.4;Ação;Em 1936 o archeologista e aventurero Indiana Jones é contratado pelo governo dos Estados Unidos para procurar pelo Pacto da Arca, antes que os nazis o tenham primeiro.
WALL·E;59. WALL·E;2008;8.4;Animação;Num futuro distante, um pequeno robô faz uma viagem que decidirá o destino da humanidade.
A Vida dos Outros;60. A Vida dos Outros;2006;8.4;Drama;Em 1984, em Berlim Oriental, um agente da polícia secreta que cuida de um escritor e sua mulher se vê cada vez mais absorvido em suas vidas.
Crepúsculo dos Deuses;61. Crepúsculo dos Deuses;1950;8.4;Drama;Um roteirista estabelece uma relação com uma fracasada estrela de cinema que quer voltar aos filmes.
Glória Feita de Sangue;62. Glória Feita de Sangue;1957;8.4;Drama;Depois de se recusar a atacar uma posição inimiga, um general acusa os soldados da covardia e seu comandante deve defendê-los.
Vingadores: Guerra Infinita;63. Vingadores: Guerra Infinita;2018;8.4;Ação;Os Vingadores e seus aliados deverão sacrificar tudo em uma tentativa de derrotar o poderoso Thanos antes que sua explosão de devastação ponha fim ao universo.
O Iluminado;64. O Iluminado;1980;8.4;Drama;Uma família se dirige a um hotel isolado para o inverno, onde uma presença sinistra influencia a violência do pai, enquanto seu filho psíquico vê presságios horríveis do passado e do futuro.
O Grande Ditador;65. O Grande Ditador;1940;8.4;Comédia;O ditador Hynkel tenta expandir seu império enquanto um pobre barbeiro judeu tenta evitar a perseguição do regime de Hynkel.
Testemunha de Acusação;66. Testemunha de Acusação;1957;8.4;Policial;Um veterano advogado britânico deve defender seu cliente em um julgamento de assassinato que tem surpresa após surpresa.
Homem-Aranha: No Aranhaverso;67. Homem-Aranha: No Aranhaverso;2018;8.4;Animação;Um jovem se torna o Homem Aranha de sua realidade, cruzando seu caminho com cinco colegas de outras dimensões para impedir uma ameaça a todas as realidades.
Aliens, O Resgate;68. Aliens, O Resgate;1986;8.4;Ação;Ellen Ripley é salvada depois de estar dormida por 57 anos. A luna que o Nostromo visitou foi colonizada mas o contado se perdeu.
Beleza Americana;69. Beleza Americana;1999;8.3;Drama;Um pai sexualmente frustrado tem uma crise existencial depois de conhecer a melhor amiga da sua filha.
Batman: O Cavaleiro das Trevas Ressurge;70. Batman: O Cavaleiro das Trevas Ressurge;2012;8.4;Ação;Oito anos depois da anarquia do Coringa, Batman com ajuda da Mulher Gato, tentam salvar Gotham do terrorista Bane.
Bastardos Inglórios;71. Bastardos Inglórios;2009;8.3;Aventura;Na França ocupada pelos nazistas durante a Segunda Guerra Mundial, um plano para assassinar líderes nazistas por parte de um grupo de soldados judeus dos EUA coincide com os planos de vingança da dona de uma sala de cinema.
Dr. Fantástico;72. Dr. Fantástico;1964;8.4;Comédia;Um general alienado provoca um potencial holocausto nuclear que uma sala de guerra cheia de políticos e generais tenta freneticamente parar.
Oldboy;73. Oldboy;2003;8.4;Ação;Depois de ter sido raptado e preso por quinze anos, Oh Dae-Su é libertado, e descobre que tem 5 dias para encontrar seu sequestrador.
Viva: A Vida é uma Festa;74. Viva: A Vida é uma Festa;2017;8.4;Animação;Miguel entra na terra dos mortos para encontrar a seu bisavó quem era um lendário cantante.
Amadeus;75. Amadeus;1984;8.4;Biografia;A vida, sucessos e tribulações de Wolfgang Amadeus Mozart de acordo com Antonio Salieri, um compositor que era contemporâneo, que sempre teve ciúmes dele e que alegou tê-lo matado.
Toy Story;76. Toy Story;1995;8.3;Animação;Um brinquedo do cauboi se sente profundamente ameaçado e celoso quando um brinquedo patrulheiro espacial passa a ter mais atençao do garoto.
Coração Valente;77. Coração Valente;1995;8.3;Biografia;Quando sua noiva en segredo é assassinada, William Wallace comença uma revolta contra o rey Eduardo I da Inglaterra.
O Barco: Inferno no Mar;78. O Barco: Inferno no Mar;1981;8.4;Drama;O mundo claustrofóbico de um submarino da Segunda Guerra Mundial, cheio de tédio, sujeira e terror.
Coringa;79. Coringa;2019;8.4;Policial;Um comediante falido enlouquece e se torna um assassino psicopata.
Vingadores: Ultimato;80. Vingadores: Ultimato;2019;8.4;Ação;Após os eventos devastadores de Vingadores: Guerra Infinita , o universo está em ruínas, e com a ajuda de aliados os Vingadores se reúnem para desfazer as ações de Thanos e restaurar a ordem.
Princesa Mononoke;81. Princesa Mononoke;1997;8.3;Animação;Numa viagem para descobrir a cura contra a maldição de Tatarigami, Ashitaka, se encontra uma guerra entre os deuses da foresta e Tatara, uma colônia mineira.
Gênio Indomável;82. Gênio Indomável;1997;8.3;Drama;Will Hunting, um zelador duma Universidade, tem habilidades para a matemática, mas precisa da ajuda dum psicólogo para encontrar seu propósito.
Era uma Vez na América;83. Era uma Vez na América;1984;8.3;Policial;Um ex criminal judeu da época da proibição volta a Manhattan onde deberá confrontar seu pasado.
Your Name.;84. Your Name.;2016;8.4;Animação;Dois estranhos estão ligados de uma maneira bizarra, mais quando uma conexão é formada, a distância será a única coisa que os manterá separados?
3 Idiotas;85. 3 Idiotas;2009;8.4;Comédia;Dois amigos procuram seu companheiro perdido. Eles se lembram de seus dias de faculdade e como seu amigo os inspirou a pensar de maneira diferente, mesmo quando o resto do mundo os chamava idiotas.
Céu E Inferno;86. Céu E Inferno;1963;8.4;Policial;Um executivo de uma empresa de calçados torna-se vítima de extorsão quando o filho de seu motorista é sequestrado e retido para resgate.
Cantando na Chuva;87. Cantando na Chuva;1952;8.3;Comédia;Uma produtora de cinema e elenco fazem uma transição difíci.
Réquiem para um Sonho;88. Réquiem para um Sonho;2000;8.3;Drama;As utopias causadas pelo uso de drogas em quatro pessoas de Coney Island se rompem quando seus vícios as dominam.
Cafarnaum;89. Cafarnaum;2018;8.4;Drama;Ao cumprir uma sentença de cinco anos por um crime violento, uma criança de 12 anos processou seus pais por negligência.
Toy Story 3;90. Toy Story 3;2010;8.3;Animação;Os brinquedos são dados por erro a uma creche, Woody junto com os outros brinquedos tentaram voltar a casa do Andy.
Vá e Veja;91. Vá e Veja;1985;8.4;Drama;Depois de encontrar uma arma, um jovem se une as forças da resistença russa contra os alemães na segunda guerra mundial.
Star Wars, Episódio VI: O Retorno do Jedi;92. Star Wars, Episódio VI: O Retorno do Jedi;1983;8.3;Ação;Depois de uma missão ousada para resgatar Han Solo da cabana de Jabba, os rebeldes partem para fazer Endor destruir a mais poderosa Estrela da Morte. Enquanto isso, Luke tenta trazer Darth Vader de volta do lado negro, sem cair na armadilha do Imperador.
Brilho Eterno de uma Mente sem Lembranças;93. Brilho Eterno de uma Mente sem Lembranças;2004;8.3;Drama;Quando sua relaçao se volta complicada, um casal tenta um procedimento médico para que suas memorias sejam apagadas.
2001: Uma Odisséia no Espaço;94. 2001: Uma Odisséia no Espaço;1968;8.3;Aventura;Trás descobrir um misterioso artefato na superfície da Lua, a humanidade tenta encontrar seus origens com a ajuda da inteligença do ordernador HAL 9000.
A Caça;95. A Caça;2012;8.3;Drama;Um professor vive uma vida solitária enquanto luta pela custódia de seu filho. Sua vida melhora lentamente quando ele encontra o amor e recebe boas notícias de seu filho, mas sua sorte está prestes a mudar por uma pequena mentira inocente.
Cães de Aluguel;96. Cães de Aluguel;1992;8.3;Policial;Quando um simples roubo de jóias dá errado, os criminosos sobreviventes começam a suspeitar que um deles é um informante da polícia.
Viver;97. Viver;1952;8.3;Drama;Depois de descobrir que tem câncer terminal, um burocrata tenta encontrar um sentido para sua vida.
Lawrence da Arábia;98. Lawrence da Arábia;1962;8.3;Aventura;A história de T. E. Lawrence, o oficial inglês que conseguiu unir e liderar várias tribos árabes, durante a Primeira Guerra Mundial para lutar contra os turcos.
Cidadão Kane;99. Cidadão Kane;1941;8.3;Drama;Após a morte de um magnata na indústria editorial, jornalistas correm para descobrir o significado da última palavra que ele pronunciou.
M, o Vampiro de Dusseldorf;100. M, o Vampiro de Dusseldorf;1931;8.3;Policial;Quando a polícia de uma cidade alemã não consegue encontrar um assassino de crianças, outros criminosos decidem ajudar na caçada humana.
Intriga Internacional;101. Intriga Internacional;1959;8.3;Ação;Um executivo de publicidade de Nova Iorque tem que fugir quando é confundido por um agente de governo.
Se Meu Apartamento Falasse;102. Se Meu Apartamento Falasse;1960;8.3;Comédia;Um homem tenta subir na empresa permitindo que seus executivos usem seu apartamento para encontros, mas surgem complicações e um romance próprio.
Um Corpo que Cai;103. Um Corpo que Cai;1958;8.3;Mistério;Um ex-policial luta contra seus demônios enquanto está obcecado por uma mulher bonita.
Pacto de Sangue;104. Pacto de Sangue;1944;8.3;Policial;Um agente de seguros se deixa convencer de um esquema de assassinato e fraude, o que desperta a suspeita de um investigador.
O Fabuloso Destino de Amélie Poulain;105. O Fabuloso Destino de Amélie Poulain;2001;8.3;Comédia;Amélie é uma parisiense ingênua com seu próprio senso de justiça. Ela decide ajudar as pessoas ao seu redor e, no caminho, descobre o amor.
Scarface;106. Scarface;1983;8.3;Policial;Em Miamo em 1980, um imigrante cubano toma o control dum cartel de drogas.
Nascido para Matar;107. Nascido para Matar;1987;8.3;Drama;Um marinho dos Estados Unidos nota os deshumanizantes efeitos da guerra do Vietnã em seus colegas.
Laranja Mecânica;108. Laranja Mecânica;1971;8.3;Policial;No futuro, um jovem líder de gang é levado para prisão e decide ser voluntário em um experimento, mas os resultados não são os esperados.
Incêndios;109. Incêndios;2010;8.3;Drama;Os gêmeos viajam para o Oriente Médio para descobrir sua história familiar e cumprir os últimos desejos de sua mãe.
Hamilton;110. Hamilton;2020;8.3;Biografia;A vida de um dos maiores fundadores e primeiro secretário do Tesouro da América, Alexander Hamilton.
Fogo Contra Fogo;111. Fogo Contra Fogo;1995;8.3;Ação;Um grupo de profissionais roubando bancos sospeitam que a polícia está tráis deles quando deixam uma pista no seu último roubo.
Up: Altas Aventuras;112. Up: Altas Aventuras;2009;8.3;Animação;Carl Fredricksen, de 78 anos, viaja a Paraside Falls com sua casa e inadvertidamente leva um menino com ele.
O Sol é para Todos;113. O Sol é para Todos;1962;8.3;Policial;Atticus Finch, um advogado no sul da era da Depressão, defende um homem negro contra uma acusação de estupro imerecida, e seus filhos contra o preconceito.
Golpe de Mestre;114. Golpe de Mestre;1973;8.3;Comédia;Dois golpistas se reúnem para obter o melhor golpe.
A Separação;115. A Separação;2011;8.3;Drama;Um casal é confrontado com uma decisão difícil, melhorar a vida de seu filho mudando-se para outro país ou ficar no Irã e cuidar de um pai que se deteriora e com Alzheimer.
Indiana Jones e a Última Cruzada;116. Indiana Jones e a Última Cruzada;1989;8.2;Ação;"Em 1938, depois que seu pai, o professor Henry Jones, desaparece enquanto persegue o Santo Graal, o professor Henry ""Indiana"" Jones, Jr. se encontra contra os nazistas de Adolf Hitler."
Metrópolis;117. Metrópolis;1927;8.3;Drama;Numa cidade futurística dividida entre os trabalhadores e os planejadores, o filho do maior planejador se apaixona por uma trabalhadora.
Duro de Matar;118. Duro de Matar;1988;8.2;Ação;John McClane, agente do departamento de polícia de Nova York, tenta salvar sua esposa, Holly Gennaro, e outras pessoas que o terrorista alemão Hans Gruber tomou como reféns durante a festa de Natal no Nakatomi Plaza, em Los Angeles.
Los Angeles: Cidade Proibida;119. Los Angeles: Cidade Proibida;1997;8.2;Policial;A corrupção cresce em Los Angeles nos anos 50. Três policiais estão investigando uma série de assassinatos com sua própria marca de justiça.
Ladrões de Bicicletas;120. Ladrões de Bicicletas;1948;8.3;Drama;Na Itália da pós-guerra a bicicleta de um homem da classe trabalhadora é roubada. Ele e o filho partiram para encontrá-la.
Snatch: Porcos e Diamantes;121. Snatch: Porcos e Diamantes;2000;8.2;Comédia;Segue a luta de criminais tráis um diamante como nenhum outro nu mundo.
Como Estrelas na Terra;122. Como Estrelas na Terra;2007;8.3;Drama;Um garoto de oito anos é acusado de ser problemático e preguiçoso, até que o novo professor de arte tem a paciência e compaixão para descobrir o verdadeiro problema por trás de suas lutas na escola.
Taxi Driver: Motorista de Táxi;123. Taxi Driver: Motorista de Táxi;1976;8.2;Policial;Um veterano de guerra com problemas mentais trabalha de noite como condutor de táxi na cidade de Nova Iorque, onde experimenta violência e perigo ao tentar ajudar um trabalhador e uma prostituta.
1917;124. 1917;2019;8.2;Ação;Trama desconhecida. O filme será de 1917 durante a primeira guerra mundial.
A Queda! As Últimas Horas de Hitler;125. A Queda! As Últimas Horas de Hitler;2004;8.2;Biografia;O último secretário de Hitler relata seus últimos dias em seu bunker de Berlim no final da Segunda Guerra Mundial.
Dangal;126. Dangal;2016;8.3;Ação;O lutador Mahavir e suas filhas lutadoras procuram a gloria contra a opressão social nos jogos do Commonwealth.
Top Gun: Maverick;127. Top Gun: Maverick;2022;8.3;Ação;Após mais de trinta anos de serviço como um dos melhores aviadores da Marinha, Pete Mitchell está onde pertence, ultrapassando os limites como um piloto de teste intrépido e evitando a promoção de posto que o manteria em terra.
Por uns Dólares a Mais;128. Por uns Dólares a Mais;1965;8.2;Drama;Dois caçadores de recompensas com as mesmas intenções se reúnem para encontrar um criminoso ocidental.
Batman Begins;129. Batman Begins;2005;8.2;Ação;Depois do treinamento, Batman comença a luta contra o crime e corrupçao en Gotham.
Quanto Mais Quente Melhor;130. Quanto Mais Quente Melhor;1959;8.2;Comédia;Dos músicos son testigos de un crimen y se dan a la fuga disfrazados de mujeres en una banda femenina, pero las cosas se complican.
O Garoto;131. O Garoto;1921;8.2;Comédia;Um mendigo cuida de uma criança abandonada, mas os eventos ameaçam esse relacionamento.
O Lobo de Wall Street;132. O Lobo de Wall Street;2013;8.2;Biografia;Baseada na verdadeira história de Jordan Belfort, desde sua ascensão como corretor de valores até a sua queda e envolvimento no crime e corrupção com o governo.
Meu Pai;133. Meu Pai;2020;8.2;Drama;Um homem recusa toda a ajuda de sua filha à medida que envelhece. Ao tentar entender as mudanças nas circunstâncias, ele começa a duvidar dos seus entes queridos, da sua própria mente e até mesmo da estrutura de sua realidade.
Green Book: O Guia;134. Green Book: O Guia;2018;8.2;Biografia;Um valentão ítalo-americano se torna o motorista de um pianista afro-americano em um tour no sul dos Estados Unidos nos anos sessenta.
A Malvada;135. A Malvada;1950;8.2;Drama;Uma ingênua se insinua na vida de uma atriz de teatro, e de seu círculo de amigas de teatro.
Julgamento em Nuremberg;136. Julgamento em Nuremberg;1961;8.3;Drama;Em 1948, um tribunal dos Estados Unidos na Alemanha ocupada julga quatro nazistas por crimes de guerra.
O Show de Truman: O Show da Vida;137. O Show de Truman: O Show da Vida;1998;8.2;Comédia;Um vendedor de seguros descobre que sua vida é um programa de televisão.
Ran;138. Ran;1985;8.2;Ação;No Japão medieval, um senhor feudal decide abdicar e entregar seus domínios aos seus três filhos. Mas ele não é capaz de ver que esses novos poderes irão corrompê-los e levá-los a enfrentar um ao outro, e contra ele.
Cassino;139. Cassino;1995;8.2;Policial;Uma história de ganância, dinheiro e assassinato acontece entre dois melhores amigos: um mafioso e um executivo de cassino, que competem uns com os outros por um império de jogo e pelo amor de uma socialite.
Sangue Negro;140. Sangue Negro;2007;8.2;Drama;Uma história sobre familia, religião, ódio e loucura, centrada na vida de um explorador de petróleo nos primeiros anos do negócio.
Ilha do Medo;141. Ilha do Medo;2010;8.2;Mistério;Em 1945, um policial federal dos Estados Unidos investiga o desaparecimento de um assassino que escapou de um hospital psiquiátrico.
O Labirinto do Fauno;142. O Labirinto do Fauno;2006;8.2;Drama;Na Espanha de 1944, a filha dum oficial do exército escapa a um mundo de fantasia.
Os Imperdoáveis;143. Os Imperdoáveis;1992;8.2;Drama;O atirador do Velho Oeste, William Munny, relutantemente aceita um último trabalho com a ajuda de seu antigo amigo e um jovem.
O Sexto Sentido;144. O Sexto Sentido;1999;8.2;Drama;Um menino que consegue se comunicar com espíritos encontra ajuda de um psicólogo.
Jurassic Park;145. Jurassic Park;1993;8.2;Ação;Durante um tour o parque sofre falta de energia eléctrica o que faz que um dinossauro clonado saia do seu claustro.
Uma Mente Brilhante;146. Uma Mente Brilhante;2001;8.2;Biografia;A vida do brilhante mas insociável matemático John Nash muda quando ele aceita um trabalho secreto em criptografia.
O Tesouro da Sierra Madre;147. O Tesouro da Sierra Madre;1947;8.2;Aventura;Dois americanos em busca de trabalho no México convencem um homem a ajudá-los a extrair ouro nas montanhas da Serra Madre.
Yojimbo, o Guarda-Costas;148. Yojimbo, o Guarda-Costas;1961;8.2;Ação;Um astuto ronin chega a uma cidade dividida por duas quadrilhas criminosas e decide se confrontar para libertar a cidade.
Onde os Fracos Não Têm Vez;149. Onde os Fracos Não Têm Vez;2007;8.2;Policial;Violência e caos surgem quando um caçador se depara com uma negociação de drogas que deu errado e mais de dois milhões de dólares perto do Rio Grande.
Monty Python em Busca do Cálice Sagrado;150. Monty Python em Busca do Cálice Sagrado;1975;8.2;Aventura;O Rei Arthur e seus Cavaleiros da Távola Redonda embarcam em uma busca surrealista e de baixo orçamento pelo Santo Graal, encontrando múltiplos obstáculos estúpidos.
Kill Bill: Volume 1;151. Kill Bill: Volume 1;2003;8.2;Ação;Depois de despertar de um coma de quatro anos, uma antiga assassina busca vingança contra o grupo de assassinos que a traiu.
Fugindo do Inferno;152. Fugindo do Inferno;1963;8.2;Aventura;Prisioneiros de guerra aliados planejam uma fuga maciça de um campo alemão durante a Segunda Guerra Mundial.
O Enigma de Outro Mundo;153. O Enigma de Outro Mundo;1982;8.2;Terror;Um team de investigação na Antartica é perseguido por extraterrestres.
Rashomon;154. Rashomon;1950;8.2;Policial;A violação de uma noiva e o assassinato de seu marido samurai são lembrados desde a perspectiva de um bandido, da noiva, do fantasma do samurai e de um lenhador.
Procurando Nemo;155. Procurando Nemo;2003;8.2;Animação;Quando seu filho é capturado, um peixe-palhaço tímido embarca em uma viagem para trazê-lo para casa.
O Homem Elefante;156. O Homem Elefante;1980;8.2;Biografia;Um famoso médico estuda a um jovem com a cara deformada, conhecido como Homem Elefante, ele se da conta que o homem é inteligente e de bom coração.
Chinatown;157. Chinatown;1974;8.2;Drama;Um detetive particular contratado para desmascarar um adúltero é pego em uma teia de fraude, corrupção e assassinato.
Homem-Aranha: Sem Volta para Casa;158. Homem-Aranha: Sem Volta para Casa;2021;8.2;Ação;Com a identidade do Homem-Aranha revelada, Peter pede ajuda ao Doutor Strange. Quando um feitiço corre mal, inimigos perigosos de outros mundos começam a aparecer, forçando Peter a descobrir o que realmente significa ser o Homem-Aranha.
V de Vingança;159. V de Vingança;2005;8.2;Ação;Em um futuro da tirania britânica, um lutador clandestino conhecido como V trama um plano para derrubá-la com a ajuda de uma jovem mulher.
...E o Vento Levou;160. ...E o Vento Levou;1939;8.2;Drama;Uma mulher manipuladora e uma truhan embarcam em um romance turbulento durante a Guerra Civil Americana e o período da Reconstrução.
Touro Indomável;161. Touro Indomável;1980;8.1;Biografia;A vida do boxeador Jake LaMotta, que vê como a violência e temperamento que o levam ao topo do ringue, destroem sua vida fora dele.
Disque M para Matar;162. Disque M para Matar;1954;8.2;Policial;Um ex-tenista decide matar a esposa para herdar o dinheiro dela e se vingar de um caso que ela havia tido. A fim de se livrar de culpas, usa um antigo colega de faculdade. Mas as coisas não vão correr como estava planeado.
O Castelo Animado;163. O Castelo Animado;2004;8.2;Animação;Uma jovem sem autoconfiança é amaldiçoada com um corpo envelhecido por uma bruxa odiosa. Sua única chance de quebrar o feitiço é um jovem feiticeiro em um castelo itinerante.
Jogos, Trapaças e Dois Canos Fumegantes;164. Jogos, Trapaças e Dois Canos Fumegantes;1998;8.1;Ação;Um jogo de cartas em Londres desencadeia um confronto entre quatro amigos, plantadores de maconha, agiotas e cobradores de dívidas em uma série de eventos curiosos, tudo por algo de maria, dinheiro e duas pistolas antigas.
O Segredo dos Seus Olhos;165. O Segredo dos Seus Olhos;2009;8.2;Drama;Um assessor jurídico aposentado escreve um romance com a esperança de fechar um de seus antigos casos de homicídio, que permanece sem solução, e superar o amor não correspondido que sentia por seu chefe. Décadas depois, ambas as memórias continuam a persegui-lo.
Divertida Mente;166. Divertida Mente;2015;8.1;Animação;Quando o jovem Riley se muda á San Francisco deberá lidiar com suas emoções.
Três Anúncios para um Crime;168. Três Anúncios para um Crime;2017;8.1;Comédia;Uma mãe desafia pessoalmente as autoridades locais para resolver o assassinato de sua filha.
A Ponte do Rio Kwai;169. A Ponte do Rio Kwai;1957;8.1;Aventura;Depois de resolver suas diferenças com um japonês, o comandante do campo, um coronel britânico, coopera para supervisionar a construção de uma ponte ferroviária.
Trainspotting: Sem Limites;170. Trainspotting: Sem Limites;1996;8.1;Drama;Renton, profundamente imerso no mundo das drogas em Edimburgo, tenta sair do ambiente apesar da má influência dos amigos.
Fargo: Uma Comédia de Erros;171. Fargo: Uma Comédia de Erros;1996;8.1;Policial;O crime de Jerry Lundegaard se desfaz devido à falta de sorte dele e de seus colegas e ao persistente trabalho polícia.
Guerreiro;172. Guerreiro;2011;8.1;Ação;O filho pequeno de um exboxer alcoólatra volta para casa, onde seu pai o treina para um torneio de artes marciais mistas.
Gran Torino;173. Gran Torino;2008;8.1;Drama;Walt Kowalski, um ranzinza veterano da guerra da Coreia, tenta dar uma lição em seu vizinho quando este tentar roubar seu bem mais precioso: um Gran Torino de 1972.
Prenda-me se for Capaz;174. Prenda-me se for Capaz;2002;8.1;Biografia;Um agente do FBI persegue Frank Abagnale, que antes de seus 19 anos consegue ganhar milhões de dólares fingindo ser um piloto, um médico e um advogado.
Meu Amigo Totoro;175. Meu Amigo Totoro;1988;8.1;Animação;Quando duas meninas se mudam para o campo para ficar perto de sua mãe doente, elas têm aventuras com os maravilhosos espíritos da floresta que moram nas proximidades.
Menina de Ouro;176. Menina de Ouro;2004;8.1;Drama;Uma mulher determinada se prepara para se tornar numa pugilista profissional.
Klaus;177. Klaus;2019;8.2;Animação;Um simples ato de bondade sempre provoca outro, mesmo em um lugar gelado e distante. Quando o novo carteiro de Smeerensburg faz amizade com o fabricante de brinquedos Klaus, seus presentes derreteram uma antiga inimizade.
Filhos do Paraíso;178. Filhos do Paraíso;1997;8.2;Drama;Depois que uma criança perde o par de sapatos de sua irmã, ele embarca em uma série de aventuras para encontrá-los. Quando não consegue, ele tenta uma nova maneira de procurá-los.
Harry Potter e as Relíquias da Morte - Parte 2;179. Harry Potter e as Relíquias da Morte - Parte 2;2011;8.1;Aventura;Harry, Ron e Hermione devem escapar a Voldemort e tentar trabalhar em conjunto para localizar e aniquilar os Horcruxes, que contêm pedaços da alma de Voldemort.
Blade Runner: O Caçador de Androides;180. Blade Runner: O Caçador de Androides;1982;8.1;Ação;Um corredor deberá perseguir é acabar com quatro replicantes que roubaram uma nave no espaço, e deberá regresar á Terra e encontrar seu criador.
12 Anos de Escravidão;181. 12 Anos de Escravidão;2013;8.1;Biografia;Solomon Northup, um homem preto livre de Nova Iorque, é raptado e vendido como escravo.
Antes do Amanhecer;182. Antes do Amanhecer;1995;8.1;Drama;Um jovem e uma mulher se conhecem num trem em Europa é passam uma noite juntos em Viena.
Em Busca do Ouro;183. Em Busca do Ouro;1925;8.1;Aventura;Um garimpeiro vai ao Klondike em busca de ouro e encontra muito mais que isso.
O Grande Hotel Budapeste;184. O Grande Hotel Budapeste;2014;8.1;Aventura;As aventuras de Gustave H, um lendário porteiro dum famoso hotel da ficcional República de Zubrowka entre a primeira y a segunda guerra mundial.
Ben-Hur;185. Ben-Hur;1959;8.1;Aventura;Quando um príncipe de Jerusalém é traído e enviado à escravidão por um amigo romano, ele recupera sua liberdade e retorna para se vingar.
Garota Exemplar;186. Garota Exemplar;2014;8.1;Drama;Desde que o desaparecimento de sua esposa se tornou o foco de um intenso circo da mídia, um homem vê como esta se concentra nele quando suspeitam que pode não ser inocente.
Sindicato de Ladrões;187. Sindicato de Ladrões;1954;8.1;Policial;Um ex-lutador que virou lutador enfrenta seus chefes corruptos.
Barry Lyndon;188. Barry Lyndon;1975;8.1;Aventura;Um irlandês conquista o coração de uma viúva rica e assume a posição aristocrática de seu falecido marido na Inglaterra do século XVIII.
Até o Último Homem;189. Até o Último Homem;2016;8.1;Biografia;O médico amaericano da Segunda Guerra Mundial, Desmond T. Doss, se recusa a matar pessoas e se torna o primeiro homem na história dos Estados Unidos a receber a Medalha de Honra sem atirar um tiro.
Em Nome do Pai;190. Em Nome do Pai;1993;8.1;Biografia;Em 1974, uma explosão a bomba acontece em Guilford, próximo de Londres. Gerry Conlon e amigos são acusados pelo crime e presos. Giuseppe Conlon, pai de Gerry, pede ajuda à advogada Gareth Peirce, que investiga as irregularidades do caso.
A General;191. A General;1926;8.1;Ação;Uns espiões roubam a amada locomotiva de um engenheiro, ele a persegue sozinho através das linhas inimigas.
O Franco Atirador;192. O Franco Atirador;1978;8.1;Drama;Um retrato detalhado das maneiras pelas quais a Guerra do Vietnã interrompeu a vida dos habitantes de uma pequena cidade industrial na Pensilvânia.
Morangos Silvestres;193. Morangos Silvestres;1957;8.1;Drama;Depois de viver uma vida marcada pela frieza, um professor idoso é forçado a confrontar o vazio de sua existência.
Memórias de um Assassino;194. Memórias de um Assassino;2003;8.1;Policial;Em uma pequena província coreana em 1986, três detetives estão procurando o culpado de uma série de estupros e assassinatos de mulheres jovens.
O 3º Homem;195. O 3º Homem;1949;8.1;Filme noir;O romancista Holly Martins viaja para sombria, Viena pós-guerra, apenas para ele mesmo investigar a misteriosa morte de um velho amigo, Harry Lime
O Salário do Medo;196. O Salário do Medo;1953;8.2;Aventura;Em uma aldeia da América do Sul, quatro homens são contratados para transportar uma remessa urgente de nitroglicerina, mas sem o equipamento de segurança.
Relatos Selvagens;197. Relatos Selvagens;2014;8.1;Comédia;Sies historias curtas que exploram o comportamento humano de pessoas desesperadas.
Bancando o Águia;198. Bancando o Águia;1924;8.2;Ação;Um projecionista de cinema deseja ser um detetive e coloca suas magras habilidades em prática quando um rival o incrimina por roubar o relógio de bolso do pai de sua namorada.
Mad Max: Estrada da Fúria;199. Mad Max: Estrada da Fúria;2015;8.1;Ação;Num mundo apocalíptico, uma mulher se rebela contra um tirano ao procurar uma nova casa para um grupo de mulheres prisioneiras com a ajuda dum homem chamado Max.
A Mulher Faz o Homem;200. A Mulher Faz o Homem;1939;8.1;Comédia;Um homem ingênuo é eleito para ocupar uma vaga no Senado dos Estados Unidos. Seus planos colidem rapidamente com a corrupção política, mas ele não desiste.
Sociedade dos Poetas Mortos;201. Sociedade dos Poetas Mortos;1989;8.1;Comédia;O professor de Inglés John Keating inspira a seus estudantes a ver a poesia duma perspectiva diferente.
Monstros S.A.;202. Monstros S.A.;2001;8.1;Animação;Para poder dar electricidade a sua cidade, os monstros tem que assustar a crianças. Pensando que as crianças são perigosas para eles, dois monstros acham que as coisas podem ser diferentes.
Como Treinar o Seu Dragão;203. Como Treinar o Seu Dragão;2010;8.1;Animação;Um jovem e desafortunado viking que aspira a caçar dragões se torna o improvável amigo de um jovem dragão, e descobre que pode haver mais nas criaturas do que ele supunha.
Mary e Max: Uma Amizade Diferente;204. Mary e Max: Uma Amizade Diferente;2009;8.1;Animação;Relata a estranha história de uma amizade entre dois amigos por correspondência: Mary, uma garota solitária de oito anos que vive nos subúrbios de Melbourne, e Max, um homem obeso de quarenta e quatro anos que vive em Nova York.
Tubarão;205. Tubarão;1975;8.1;Aventura;Quando um tubarão desencadea caos numa praia, um xerife, um biologista e um marinheiro daram caça ao animal.
O Sétimo Selo;206. O Sétimo Selo;1957;8.1;Drama;Um homem procura respostas sobre a vida, a morte e a existência de Deus enquanto joga xadrez contra a morte durante a Morte Negra.
O Quarto de Jack;207. O Quarto de Jack;2015;8.1;Drama;Um menino é mantido preso em um quarto com sua mãe desde seu nascimento, por isso sua visão do mundo é muito reduzida.
O Grande Lebowski;208. O Grande Lebowski;1998;8.1;Comédia;Jeff The Dude Lebowski, foi confundido por um millonário do mesmo nome e procurará restituçao com a ajuda do seus amigos.
Era uma Vez em Tóquio;209. Era uma Vez em Tóquio;1953;8.1;Drama;Um casal de idosos visita seus filhos e netos na cidade, mas recebe pouca atenção.
Ford vs Ferrari;210. Ford vs Ferrari;2019;8.1;Ação;Um designer de carros e um motorista combatem a interferência corporativa, as leis da física e seus próprios demônios pessoais para construir um carro de corrida revolucionário para a Ford e desafiar a Ferrari nas 24 Horas de Le Mans em 1966.
Ratatouille;211. Ratatouille;2007;8.1;Animação;Um rato que pode cozinhar forja uma aliança incomum com um jovem garoto em um famoso restaurante em Paris.
Hotel Ruanda;212. Hotel Ruanda;2004;8.1;Biografia;Paul Rusesabagina era o gerente de um hotel que abrigava mais de mil refugiados tutsis durante sua luta contra a milícia hutu em Ruanda.
O Martírio de Joana D'Arc;213. O Martírio de Joana D'Arc;1928;8.2;Biografia;Em 1431, Joana D'Arc é julgada sob acusações de heresia. Os advogados da Igreja tentam forçar Jeanne a retractar suas reivindicações de visões sagradas.
Rocky: Um Lutador;214. Rocky: Um Lutador;1976;8.1;Drama;Um boxer pouco conhecido tem uma grande oportunidade de enfrentar o campeão dos pesos pesados em uma partida em que ele esperaele espera estar à altura da tarefa e divulgar seu nome.
Logan;215. Logan;2017;8.1;Ação;Em um futuro em que os mutantes estão quase extintos, um velho e cansado Logan leva uma vida tranquila. Mas quando Laura, uma garota mutante perseguida por cientistas, pede ajuda a ele, ele deve colocá-la em segurança.
Platoon;216. Platoon;1986;8.1;Drama;Um jovem soldado do Vietnã se confronta com uma crisis moral frete aos horrores da guerra.
Spotlight: Segredos Revelados;217. Spotlight: Segredos Revelados;2015;8.1;Biografia;A verdadeira historia de como o jornal Boston Globe revelou o escândalo de abuso sexual infantil dentro da igreja católica da cidade e que agitou a toda igreja católica no mundo.
O Exterminador do Futuro;218. O Exterminador do Futuro;1984;8.1;Ação;Um indestrutível robô é enviado de 2029 a 1984 para assassinar a uma jovem garçonete que vai ter um filho que vai liderar uma guerra contra máquinas maa um soldado humano também é enviado para protege-lha.
Jai Bhim;219. Jai Bhim;2021;8.8;Policial;Quando um homem tribal é preso por um caso de suposto roubo, sua esposa recorre a um advogado de direitos humanos para ajudá-lo a fazer justiça.
Antes do Pôr do Sol;220. Antes do Pôr do Sol;2004;8.1;Drama;Nove anos depois de se conhecer, o Jesse e a Celine se encontram novamente na França.
Rush: No Limite da Emoção;221. Rush: No Limite da Emoção;2013;8.1;Ação;A história da rivalidade impiedosa nos anos 70 entre os rivais de Fórmula 1 James Hunt e Niki Lauda.
Rede de Intrigas;222. Rede de Intrigas;1976;8.1;Drama;Uma rede de televisão explora os delírios e revelações de um homem perturbado.
Conta Comigo;223. Conta Comigo;1986;8.1;Aventura;Depois da morte de um de seus velhos amigos, um escritor relembra sua viagem com os amigos de infância para encontrar o corpo de um menino desaparecido.
Os Melhores Anos de Nossa Vida;224. Os Melhores Anos de Nossa Vida;1946;8.1;Drama;Três veteranos da Segunda Guerra Mundial voltam para casa na cidade pequena da América para descobrir que eles e suas famílias foram mudados irreparavelmente.
O Mágico de Oz;225. O Mágico de Oz;1939;8.1;Aventura;A Dorothy Gale é levada por um tornado até a mágica cidade de Oz e vá numa viagem com novos amigos que la ajudar a voltar para casa.
Na Natureza Selvagem;226. Na Natureza Selvagem;2007;8.1;Aventura;Depois de terminar a universidade, Christopher McCandless deixa pra trás suas posses e vai para o Alasca viver na natureza.
O Ódio;227. O Ódio;1995;8.1;Policial;24 horas na vida de três jovens nos subúrbios franceses no dia seguinte a uma rebelião violenta.
O Exorcista;228. O Exorcista;1973;8.1;Terror;Quando uma adolescente é possuída por uma entidade misteriosa, sua mãe busca a ajuda de um padre, que também é um psiquiatra, para salvar sua filha.
Os Incríveis;229. Os Incríveis;2004;8.0;Animação;Uma familia de heróis encobertos tentando viver uma vida tranquila se vem obrigados a salvar o mundo.
Piratas do Caribe: A Maldição do Pérola Negra;230. Piratas do Caribe: A Maldição do Pérola Negra;2003;8.1;Ação;O ferreiro Will Turner se junta ao capitão Jack Sparrow para salvar seu amor, a filha do governador, dos ex-aliados piratas de Jack, que agora estão vivos.
Ser ou Não Ser;231. Ser ou Não Ser;1942;8.2;Comédia;Durante a ocupação nazista da Polônia, uma trupe de atuação se envolve nos esforços de um soldado polonês para rastrear um espião alemão.
Feitiço do Tempo;232. Feitiço do Tempo;1993;8.0;Comédia;Um homem vive o mesmo dia uma e outra vez.
Meu Pai e Meu Filho;233. Meu Pai e Meu Filho;2005;8.2;Drama;A família de um jornalista de esquerda é separada após o golpe militar na Turquia em 1980.
As Vinhas da Ira;234. As Vinhas da Ira;1940;8.1;Drama;Uma família pobre no Centro-Oeste é forçada a abandonar suas terras. Eles viajam para a Califórnia, sofrendo os infortúnios dos sem-teto na Grande Depressão.
Sempre ao Seu Lado;235. Sempre ao Seu Lado;2009;8.1;Biografia;Um professor universitário se liga a um cachorro abandonado que ele leva para casa.
A Batalha de Argel;236. A Batalha de Argel;1966;8.1;Drama;Nos anos 50, o medo e a violência aumentam à medida que o povo de Argel lutava pela independência do governo francês.
A Criada;237. A Criada;2016;8.1;Drama;Uma mulher é contratada como criada de uma herdeira japonesa, mas secretamente esta envolvida em um plano para defraudá-la.
Amores Brutos;238. Amores Brutos;2000;8.1;Drama;Um terrível acidente de carro conecta três histórias, cada uma envolvendo personagens que lidam com a perda, o arrependimento e as duras realidades da vida, tudo em nome do amor.
Rebecca, a Mulher Inesquecível;239. Rebecca, a Mulher Inesquecível;1940;8.1;Drama;Uma mulher autoconsciente faz malabarismos para se ajustar a seu novo papel de esposa de um aristocrata e evitar ser intimidada pela presença espectral de sua primeira esposa.
Rebeldia Indomável;240. Rebeldia Indomável;1967;8.1;Policial;Um sulista quieto é condenado a dois anos em uma prisão rural, mas se recusa a obedecer.
A Canção da Estrada;241. A Canção da Estrada;1955;8.2;Drama;O padre Harihar Ray, sonhando com uma vida melhor para si e sua família, deixa sua aldeia rural de Bengala em busca de trabalho.
A Noviça Rebelde;242. A Noviça Rebelde;1965;8.1;Biografia;Uma mulher deixa um convento austríaco para se tornar a instrutora dos filhos de um oficial da marinha viúvo.
Aconteceu Naquela Noite;243. Aconteceu Naquela Noite;1934;8.1;Comédia;Uma herdeira mimada que foge de sua família é ajudada por um homem que na verdade é um repórter que precisa de uma história.
O Gigante de Ferro;244. O Gigante de Ferro;1999;8.1;Animação;Um jovem faz amizade com um robô gigante do espaço, um paranóico agente do governo quer que seja destruído.
Os Incompreendidos;245. Os Incompreendidos;1959;8.1;Policial;Uma criança, sem atenção, entra em uma vida de pequenos crimes.
Histórias Cruzadas;246. Histórias Cruzadas;2011;8.1;Drama;Uma aspirante a escritora durante o movimento dos direitos civis nos anos 60 nos Estados Unidos decide escrever um livro sobre as experiências das criadas negras que trabalhavam para as famílias brancas.
Quando Duas Mulheres Pecam;247. Quando Duas Mulheres Pecam;1966;8.1;Drama;Uma enfermeira é encarregada de uma atriz silenciosa e descobre que sua personalidade parece convergir em uma.
A Vida de Brian;248. A Vida de Brian;1979;8.0;Comédia;Nascido no Natal original no estábulo ao lado de Jesus, Brian de Nazaret passa a vida confundido com um messias.
Aladdin;249. Aladdin;1992;8.0;Animação;Um menino de rua bondoso e um Vizir competem por uma lâmpada mágica que tem o poder de realizar seus mais profundos desejos.
A Chantagem;250. A Chantagem;2015;8.2;Policial;Um homem toma medidas desesperadas para tentar salvar sua família do lado negro da lei depois que eles cometem um crime inesperado.
Gangues de Wasseypur;250. Gangues de Wasseypur;2012;8.2 (100K);Ação;Um confronto entre Sultão e Shahid Khan leva à expulsão de Khan de Wasseypur e acende uma rivalidade mortal que se estende por três gerações.
As Diabólicas;250. Diabolique;1955;8.1;Policial;A esposa e a amante de um diretor de escola detestável planejam assassiná-lo com o que elas acham ser o plano perfeito.
Rebel Moon - Parte 1: A Menina do Fogo;Rebel Moon - Parte 1: A Menina do Fogo;2023;;Ação;Uma jovem sai em busca de guerreiros de outros planetas para enfrentar um exército de invasores que aterrorizam a pacífica colônia onde vive.
Agente Stone;Agente Stone;2023;5.7 (39K);Ação;Uma agente de inteligência de uma sombria agência global que trabalha pela manutenção da paz corre para impedir um hacker de roubar sua arma mais valiosa e perigosa.
Vermelho, Branco e Sangue Azul;Vermelho, Branco e Sangue Azul;2023;7.1 (29K);Comédia;Quando sua mãe foi eleita presidente dos Estados Unidos, Alex Claremont-Diaz se tornou o novo queridinho da mídia estadunidense. Bonito, carismático e com personalidade forte, Alex tem tudo para seguir os passos de seus pais.
Que Horas Eu Te Pego?;Que Horas Eu Te Pego?;2023;6.5 (56K);Comédia;Maddie, à beira da falência, é contratada por pais superprotetores para ajudar seu filho introvertido a se tornar mais confiante antes da faculdade. Ela tem apenas um verão para completar sua missão.
Guardiões da Galáxia Vol. 3;Guardiões da Galáxia Vol. 3;2023;8.0 (301K);Ação;Após a perda de Gamora, Peter Quill ainda está chateado e deve reunir os Guardiões da Galáxia em uma missão para defender o universo e proteger Rocket.
Gran Turismo - De Jogador a Corredor;Gran Turismo - De Jogador a Corredor;2023;7.4 (15K);Ação;A história real da realização de um sonho de um jogador de Gran Turismo, cujas habilidades no jogo o levaram a vencer uma série de competições da Nissan e a se tornar um piloto profissional de corrida. Baseado em uma história real.
O Exorcista do Papa;O Exorcista do Papa;2023;6.1 (57K);Terror;Baseado nos arquivos reais do padre Gabriele Amorth, conhecido como o exorcista chefe do Vaticano, que enquanto investigava a posse de um jovem, descobre que durante séculos no Vaticano tentaram a todo custo manter a verdade escondida.
Puppy Love;Puppy Love;2023;6.3 (2K);Comédia;Depois de um primeiro encontro desastroso, Nicole e Max prometem perder os números um do outro até descobrirem que seus cachorros são um casal amoroso com filhotes a caminho.
Drácula: A Última Viagem do Deméter;Drácula: A Última Viagem do Deméter;2023;6.4 (8.1K);Fantasia;"Baseado no livro ""Drácula"" de Bram Stoker, a história se passa a bordo do navio Demeter, onde uma tripulação condenada enfrenta eventos estranhos e aterrorizantes durante a viagem."
Dungeons & Dragons: Honra Entre Rebeldes;Dungeons & Dragons: Honra Entre Rebeldes;2023;7.3 (173K);Ação;Um ladrão encantador e um grupo de aventureiros improváveis embarcam em uma jornada épica para recuperar uma relíquia perdida, mas as coisas saem perigosamente do controle quando eles se envolvem com as pessoas erradas.
The Flash;The Flash;2023;6.8 (153K);Ação;Barry Allen usa sua supervelocidade para mudar o passado, mas sua tentativa de salvar sua família cria um mundo sem super-heróis, forçando-o a correr por sua vida para salvar o futuro.
Asteroid City;Asteroid City;2023;6.7 (67K);Comédia;O itinerário de uma convenção Junior Stargazer é espetacularmente interrompido por eventos que mudam o mundo.
Você Não Tá Convidada pro Meu Bat Mitzvá! 2023;Você Não Tá Convidada pro Meu Bat Mitzvá! 2023;2023;6.0 (5.3K);Comédia;Stacey Friedman se prepara para seu bat mitzvah, mas seus planos se desfazem comicamente e ameaçam arruinar o evento.
Elementos;Elementos;2023;7.0 (44K);Animação;Em uma cidade onde cidadãos de fogo, água, terra e ar vivem juntos, Ember, uma jovem impetuosa, e Wade, um cara que segue o fluxo da vida, irão descobrir algo elementar: o quanto eles têm em comum.
Bottoms;Bottoms;2023;7.0 (998);Comédia;Duas garotas queer e nada populares decidem começar um clube da luta para conseguir fazer sexo antes de suas formaturas.
Reptile;Reptile;2023;;Policial;
Super Mario Bros. - O Filme;Super Mario Bros. - O Filme;2023;7.1 (186K);Animação;Nichols, um detetive obstinado da Nova Inglaterra, inflexível em sua busca por um caso em que nada é o que parece, um caso que começa a desmantelar as ilusões de sua própria vida.
Vidas Passadas;Vidas Passadas;2023;8.2 (13K);Drama;Um encanador chamado Mario precisa salvar seu irmão Luigi das garras do rei dos Koopas, Bowser. Para isso, ele conta com a ajuda da princesa do Reino dos Cogumelos, Peach, e de seus amigos Toad e Donkey Kong.
O Rei Macaco;O Rei Macaco;2023;5.8 (3K);Animação;Dois amigos de infância, Nora e Hae Sung, são separados quando a família de Nora emigra da Coreia do Sul. Vinte anos depois, eles se reencontram e exploram o amor e o destino.
X: A Marca da Morte;X: A Marca da Morte;2022;6.6 (142K);Terror;Segue um macaco cheio de carisma e seu bastão mágico. Os dois embarcam em uma aventura épica, lutando contra 100 demônios, um excêntrico Rei Dragão e o maior inimigo do macaco: seu próprio ego.
A Noite das Bruxas;A Noite das Bruxas;2023;;Policial;Em 1979, um grupo de jovens cineastas se propôs a fazer um filme adulto na zona rural do Texas, mas quando seus solitários e idosos anfitriões os pegam em flagrante, o elenco se vê lutando por suas vidas.
OMG 2;OMG 2;2023;8.2 (21K);Comédia;Na Veneza pós-Segunda Guerra Mundial, Poirot, agora aposentado e vivendo em seu próprio exílio, relutantemente vai a uma sessão espírita. Mas quando um dos convidados é assassinado, cabe ao ex-detetive descobrir mais uma vez o assassino.
Toc Toc Toc: Ecos do Além;Toc Toc Toc: Ecos do Além;2023;5.9 (10K);Terror;Um civil insatisfeito pede ao tribunal que determine a educação integral nas escolas em uma peça dramática e divertida no tribunal.
The Hill;The Hill;2023;6.8 (269);Biografia;O horror se instaura quando um menino de oito anos chamado Peter tenta investigar os misteriosos sons de batidas que vêm de dentro das paredes de sua casa e um segredo sombrio que seus pais sinistros mantinham escondido dele.
Rastro de Maldade;Rastro de Maldade;2015;7.1 (111K);Drama;Uma equipe de exploradores viaja através de um buraco de minhoca no espaço, na tentativa de garantir a sobrevivência da humanidade.
O Urso do Pó Branco;O Urso do Pó Branco;2023;5.9 (87K);Comédia;Nos últimos dias do velho oeste, um velho xerife e seu pelotão partiram para resgatar o médico da aldeia de um grupo de canibais.
Babilônia;Babilônia;2022;7.1 (142K);Comédia;Conta a história de um traficante de drogas cujo avião cai com uma carga de cocaína encontrada por um urso negro, que a come.
Sede Assassina;Sede Assassina;2023;6.6 (22K);Ação;Um conto de ambições exageradas e excessos escandalosos, ele traça a ascensão e queda de múltiplos personagens durante uma era de desenfreada decadência e depravação no início de Hollywood.
Transformers: O Despertar das Feras;Transformers: O Despertar das Feras;2023;6.1 (76K);Ação;Baltimore. Véspera de Ano Novo. Uma policial talentosa, mas problemática, é recrutada pelo investigador-chefe do FBI para ajudar a traçar o perfil e rastrear um indivíduo perturbado que está aterrorizando a cidade.
Branca de Neve e os Sete Anões;Branca de Neve e os Sete Anões;2024;;Aventura;Uma nova aventura que envolverá os Maximals, Predacons e Terrorcons na luta existente na Terra entre Autobots e Decepticons.
O Pior Vizinho do Mundo;O Pior Vizinho do Mundo;2022;7.5 (123K);Comédia;
Jailer;Jailer;2023;7.6 (13K);Ação;Reinterpretação moderna em live-action do filme de animação da Disney de 1937 “Branca de Neve e os Sete Anões”.
John Wick 4: Baba Yaga;John Wick 4: Baba Yaga;2023;7.8 (267K);Ação;Otto é um grunhido que desistiu da vida após a perda de sua esposa e quer acabar com tudo isso. Quando uma jovem família se muda para as redondezas, ele encontra seu par na engenhosa Marisol, levando a uma amizade que mudará seu mundo.
Homem-aranha: Lotus;Homem-aranha: Lotus;2023;3.5 (1.9K);Ação;Um carcereiro aposentado sai em uma caçada para encontrar os assassinos de seu filho. Mas o caminho o leva a um lugar familiar, embora um pouco mais sombrio. Será que ele conseguirá sair dessa situação complexa com sucesso?
A Pequena Sereia;A Pequena Sereia;2023;7.2 (113K);Aventura;Antes de recuperar sua liberdade, Wick deve enfrentar um novo inimigo com alianças poderosas em todo o mundo. Uma influência que transformará velhos amigos em inimigos.
O Pacto;O Pacto;2023;7.5 (111K);Ação;Após a morte de sua namorada, Peter Parker se culpa, questionando se seu alter-ego deve ser esquecido. Ele recebe a notícia de que uma criança doente, queria conhecer o incrível, Homem-Aranha, em seus últimos momentos.
River Wild;River Wild;2023;5.5 (3.2K);Suspense;A filha do rei Tritão, Ariel, se apaixona loucamente por um príncipe que salvou de um naufrágio. Ela decide ir procurá-lo em terra firme e pede ajuda à bruxa do mar, Úrsula.
Avatar: O Caminho da Água;Avatar: O Caminho da Água;2022;7.6 (453K);Ação;Uma mãe e seu filho de nove anos estão tentando começar uma nova vida. Eles aproveitam uma oportunidade imperdível, uma adorável mansão em Nova Orleans.
Ghoomer;Ghoomer;2023;9.2 (8.2K);Drama;Jake Sully vive com sua nova família na lua extrassolar Pandora. Uma vez que uma ameaça familiar retorna para terminar o que foi iniciado anteriormente, Jake deve trabalhar com Neytiri e o exército da raça Na'vi para proteger sua casa.
Os Mercenários 4;Os Mercenários 4;2023;;Ação;Dois homens presos se reúnem ao longo de vários anos, encontrando consolo e eventual redenção através de atos de decência comum.
Amigos De Férias 2;Amigos De Férias 2;2023;5.3 (2.3K);Ação;Anina, uma jovem prodígio do rebatedor, perde a mão direita em um acidente. Um jogador de críquete fracassado e antipático dá a ela uma nova esperança e a treina com técnicas não convencionais para mudar seu destino.
Megatubarão;Megatubarão;2018;5.6 (194K);Ação;The Expendables will square up against: an arms dealer who commands the might of a massive private army.
O Protetor: Capítulo Final;O Protetor: Capítulo Final;2023;Rate;Ação;Segue um casal que se encontra com outro casal durante as férias no México e vê a amizade deles tomar um rumo estranho quando voltam para casa.
A Baleia;A Baleia;2022;7.7 (174K);Drama;Um grupo de cientistas da Fossa das Marianas encontram ao maior predador da historia, o Megalodon.
Golda - A Mulher de Uma Nação;Golda - A Mulher de Uma Nação;2023;6.3 (924);Biografia;Robert McCall finds himself at home in Southern Italy but he discovers his friends are under the control of local crime bosses. As events turn deadly, McCall knows what he has to do: become his friends' protector by taking on the mafia.
A Chamada;A Chamada;2023;5.5 (1.1K);Ação;Um professor de inglês recluso que vive com obesidade severa tenta se reconectar com sua distante filha adolescente para uma última chance de redenção.
Duna;Duna;2021;8.0 (711K);Ação;Um executivo se prepara para levar os filhos na escola. Ao ligar o carro, ele recebe uma ligação anônima informando que há uma bomba embaixo do seu assento e não poderão sair do carro.
Gadar 2;Gadar 2;2023;6.1 (16K);Ação;Quando a ameaça conhecida como O Coringa surge de seu passado, causa estragos e caos nas pessoas de Gotham. O Cavaleiro das Trevas deve aceitar um dos maiores testes para combater a injustiça.
Velozes e Furiosos 10;Velozes e Furiosos 10;2023;5.8 (90K);Ação;Paul Atreides é um jovem prodígio com um futuro grandioso e envolto em mistério que precisa viajar para o planeta mais perigoso do universo para garantir o futuro de sua família e seu povo.
Indiana Jones e a Relíquia do Destino;Indiana Jones e a Relíquia do Destino;2023;6.8 (98K);Ação;A família mais amada da Índia, formada por Tara, Sakeena e Jeete. No cenário da guerra indo-paquistanesa de 1971, Tara Singh, mais uma vez, enfrentará todos os inimigos para proteger a honra do país e da família.
Batman;Batman;2022;7.8 (725K);Ação;Dom Toretto e sua família são alvo do filho vingativo do traficante Hernan Reyes.
Assombração da Rainha Mary;Assombração da Rainha Mary;2023;4.3 (737);Drama;Depois de ter sido raptado e preso por quinze anos, Oh Dae-Su é libertado, e descobre que tem 5 dias para encontrar seu sequestrador.
Assassinos da Lua das Flores;Assassinos da Lua das Flores;2023;;Policial;Baseada na verdadeira história de Jordan Belfort, desde sua ascensão como corretor de valores até a sua queda e envolvimento no crime e corrupção com o governo.
Maestro;Maestro;2023;;Biografia;Explora os incidentes misteriosos e violentos que ocorreram durante o cruzeiro de uma família na noite de Halloween em 1938, e como esses eventos se conectam ao destino de outra família no mesmo navio até os dias atuais.
Foe;Foe;2023;;Drama;O amor complexo de Leonard Bernstein e Felicia Montealegre, desde o momento em que se conheceram em 1946 em uma festa e continuando por dois noivados, um casamento de 25 anos e três filhos.
Cassandro;Cassandro;2023;6.1 (174);Biografia;Um ladrão que rouba segredos corporativos através da tecnologia de entrar no subconsciente recebe a tarefa inversa de plantar uma idéia na mente do diretor de uma grande empresa.
Felicidade para Principiantes;Felicidade para Principiantes;2023;6.0 (12K);Comédia;Hen and Junior farm a secluded piece of land that has been in Junior's family for generations, but their quiet life is thrown into turmoil when an uninvited stranger shows up at their door with a startling proposal.
Duna: Parte Dois;Duna: Parte Dois;2024;;Ação;Após o divórcio, uma professora se aventura a recomeçar na vida e no amor quando decide fazer uma reveladora caminhada de longa distância.
Inside Man;Inside Man;2023;5.5 (614);Policial;Após mais de trinta anos de serviço como um dos melhores aviadores da Marinha, Pete Mitchell está onde pertence, ultrapassando os limites como um piloto de teste intrépido e evitando a promoção de posto que o manteria em terra.
Resistência;Resistência;2023;;Ação;Um menino se torna o Messias dos nômades em um planeta deserto, com vermes gigantes que protegem uma mercadoria chamada Spice.
Os Três Mosqueteiros: D'Artagnan;Os Três Mosqueteiros: D'Artagnan;2023;6.8 (11K);Ação;Um detetive de polícia desonrado busca redenção ao se disfarçar para expor um violento sindicato do crime. Mas, à medida que ele se afunda cada vez mais na máfia, o preço da absolvição pode ser mais alto do que ele pode pagar.
Clonaram Tyrone!;Clonaram Tyrone!;2023;6.7 (27K);Comédia;Em meio a uma futura guerra entre humanos e inteligência artificial, Joshua é recrutado para localizar e matar o Criador - misterioso arquiteto responsável por desenvolver uma arma capaz de acabar com o confronto e com toda a humanidade.
Era Uma Vez Em... Hollywood;Era Uma Vez Em... Hollywood;2019;7.6 (797K);Comédia;D'Artagnan chega em Paris a procura de seus agressores após ser dado como morto. Sua busca o leva para o centro de uma guerra real que coloca em risco o futuro da França. Ele se alia à Athos, Porthos e Aramis, três mosqueteiros do rei.
Minha Culpa;Minha Culpa;2023;6.2 (17K);Drama;Uma série de incidentes sinistros coloca um trio inusitado (John Boyega, Teyonah Parris e Jamie Foxx) no rastro de uma grande conspiração.
Paraíso;Paraíso;2023;6.3 (12K);Ação;Uma jovem tem que deixar sua cidade, namorado e amigos para trás e se mudar para a mansão do novo marido rico de sua mãe. Lá ela conhece Nick, seu novo meio-irmão. Eles se apaixonam loucamente em segredo.
Sobrenatural: A Porta Vermelha;Sobrenatural: A Porta Vermelha;2023;5.6 (31K);Terror;As vidas de dois assassinos da máfia, um boxeador, um gângster e sua esposa, e um par de bandidos se entrelaçam em quatro histórias de violência e redenção.
Tudo em Todo o Lugar ao Mesmo Tempo;Tudo em Todo o Lugar ao Mesmo Tempo;2022;7.8 (475K);Ação;Um homem vê o lado sombrio da empresa de doação de tempo em que trabalha quando sua esposa precisa abrir mão de 40 anos da própria vida para quitar uma dívida.
Harry Potter e a Pedra Filosofal;Harry Potter e a Pedra Filosofal;2001;7.6 (822K);Aventura;Uma imigrante chinesa de meia idade se envolve em uma aventura louca, onde só ela pode salvar o mundo explorando outros universos que se conectam com as vidas que ela poderia ter levado.
O Massacre da Serra Elétrica;O Massacre da Serra Elétrica;1974;7.4 (174K);Terror;Depois da morte de um de seus velhos amigos, um escritor relembra sua viagem com os amigos de infância para encontrar o corpo de um menino desaparecido.
T.I.M.;T.I.M.;2023;5.4 (922);Ficção científica;Uma criança órfã se enrolla em uma escola de magia, onde ele aprende a verdade sobre si mesmo, sua família e o terrível mal que se esconde no mundo mágico.
Loucas em Apuros;Loucas em Apuros;2023;6.5 (13K);Comédia;Dois irmãos e seus amigos visitam o túmulo de seu avô no Texas, mas acabam sendo vítimas de uma família de psicopatas canibais.
Batem à Porta;Batem à Porta;2023;6.1 (93K);Terror;O engenheiro de próteses Abi se muda para o campo para trabalhar no mais recente produto da Integrate Robotic - uma inteligência artificial humanoide chamada T.I.M.
Missão de Sobrevivência;Missão de Sobrevivência;2023;6.0 (20K);Ação;Audrey, Lolo, Kat e Deadeye são quatro mulheres asiático americanas que viajam pela Ásia em busca da mãe biológica de Audrey. Nessa aventura, as amigas veem suas vidas mudarem através de sexo, drogas e descobertas que não imaginavam fazer.
Trem-Bala;Trem-Bala;2022;7.3 (382K);Ação;Durante as férias, uma garota e seus pais são feitos reféns por estranhos armados que exigem que a família faça uma escolha para evitar o apocalipse.
Love;Love;2015;6.1 (64K);Drama;Um agente secreto da CIA e seu tradutor fogem das forças especiais no Afeganistão após um vazamento expor perigosamente sua missão secreta e revelar sua identidade.
Midsommar: O Mal Não Espera a Noite;Midsommar: O Mal Não Espera a Noite;2019;7.1 (367K);Drama;Murphy é um americano que mora em Paris e junto con sua instável namorada convidaram a sua vizinha a sua cama sem pensar nas consequências.
M3gan;M3gan;2022;6.4 (120K);Terror;Casal viaja a Suécia para conhecer lendário festival do solstício de verão numa vila rural. O que começa como um retiro idílico se transforma rapidamente em uma competição cada vez mais violenta e bizarra nas mãos de uma seita pagã.
Five Nights at Freddy's - O Pesadelo Sem Fim;Five Nights at Freddy's - O Pesadelo Sem Fim;2023;;Terror;Mike Schmidt, um guarda de segurança na pior, decide arranjar emprego em uma pizzaria local. Porem, após fazer uma descoberta terrível sobre os animatrônicos do local, Mike é forçado a sobreviver e encarar o passado.
Tusk: A Transformação;Tusk: A Transformação;2014;5.3 (60K);Comédia;Teddy Bryton, narrador de um podcast, vai ao interior do Canadá em busca do melhor amigo, que caiu nas mãos de um misterioso velho marinheiro que tem o estranho plano de criar uma morsa humana.
Ghostbusters: Mais Além;Ghostbusters: Mais Além;2021;7.1 (198K);Aventura;Trama não revelada.
Um Sonho Possível;Um Sonho Possível;2009;7.6 (350K);Biografia;A história de Michael Oher, um menino sem teto traumatizado que se tornaria um campeão do futebol americano com a ajuda de uma mulher carinhosa e sua família.
Projeto Extração;Projeto Extração;2023;5.3 (13K);Ação;Uma refinaria de petróleo chinesa é atacada do Iraque e Chan é encarregado de tirar os trabalhadores de lá. Porém, ele descobre um grande plano de roubo de petróleo e precisa unir forças com um ex-Fuzileiro Naval.
Adipurush;Adipurush;2023;3.2 (116K);Ação;Uma adaptação moderna do épico indiano Ramayana que acompanha a jornada do príncipe exilado Raghav para resgatar sua esposa Janaki do rei demônio Lankesh.
Belo Desastre;Belo Desastre;2023;5.3 (7K);Drama;A caloura da faculdade, Abby, tenta se distanciar de seu passado sombrio enquanto resiste à atração pelo bad boy Travis.
Landscape with Invisible Hand;Landscape with Invisible Hand;2023;6.6 (346);Comédia;Quando a regra burocrática e a tecnologia avançada de uma espécie alienígena deixam a maior parte da Terra empobrecida e desempregada, dois adolescentes desenvolvem um plano arriscado para garantir o futuro de suas famílias.
Rocky Aur Rani Kii Prem Kahaani;Rocky Aur Rani Kii Prem Kahaani;2023;7.2 (31K);Comédia;O extravagante Punjabi Rocky e a intelectual jornalista bengali Rani se apaixonam apesar de suas diferenças. Depois de enfrentar a oposição da família, eles decidem morar com as famílias um do outro por três meses antes de se casarem.
Jules;Jules;2023;7.2 (827);Comédia;Milton vive uma vida tranquila e rotineira em uma pequena cidade no oeste da Pensilvânia, mas tem seu dia virado de cabeça para baixo quando um OVNI e seu passageiro extraterrestre fazem um pouso forçado em seu quintal.
Tenet;Tenet;2020;7.3 (555K);Ação;O projeto é descrito como um épico de ação que gira em torno do mundo da espionagem internacional.
A Morte do Demônio: A Ascensão;A Morte do Demônio: A Ascensão;2023;6.6 (108K);Terror;Beth visita sua irmã mais velha, ella, que está criando 3 filhos em um apartamento apertado em Los Angeles. Sua reunião é curta quando eles encontram um livro demoníaco, The Necronomicon Ex-Mortis.
Resgate 2;Resgate 2;2023;7.0 (120K);Ação;Depois de escapar da morte por um triz, o mercenário Tyler Rake encara mais uma missão perigosa: resgatar a família de um criminoso implacável.
Nefarious;Nefarious;2023;6.4 (17K);Terror;No dia de sua execução, um assassino em série passa por uma avaliação psiquiátrica na qual ele afirma ser um demônio, e ainda alega que antes de seu tempo acabar, o psiquiatra cometerá três assassinatos.
Beau Tem Medo;Beau Tem Medo;2023;6.8 (38K);Comédia;Após a morte repentina de sua mãe, um homem gentil e atormentado pela sua ansiedade enfrenta seus medos mais obscuros enquanto embarca em uma jornada épica e Kafkaesca de volta para casa.
Meus Sogros Tão pro Crime;Meus Sogros Tão pro Crime;2023;5.4 (28K);Ação;Um conservador gerente de banco prestes a se casar com o amor de sua vida acredita que seus futuros sogros são os Bandidos Fantasmas que assaltaram o banco durante a semana do casamento.
Dunkirk;Dunkirk;2017;7.8 (707K);Ação;Soldados aliados da Bélgica, do Império Britânico e da França são cercados pelo exército alemão e evacuados durante uma violenta batalha na Segunda Guerra Mundial.
Guardiões da Galáxia;Guardiões da Galáxia;2014;8.0 (1.2M);Ação;Um grupo de criminosos intergalácticos deve se unir para impedir que um guerreiro fanático com planos de destruir o universo.
Titanic;Titanic;1997;7.9 (1.2M);Drama;Uma aristocrata de dezessete anos se apaixona por um artista gentil mas pobre a bordo do luxuoso e desafortunado Titanic.
Você Não Tá Convidada pro Meu Bat Mitzvá!;Você Não Tá Convidada pro Meu Bat Mitzvá!;2023;6.0 (6.9K);Comédia;Stacey Friedman se prepara para seu bat mitzvah, mas seus planos se desfazem comicamente e ameaçam arruinar o evento.
